{
  "id": "free-soak-any-attr",
  "title": "Free Soak Any Attribute (SWADE House Rule)",
  "description": "SWADE: Players can Soak without Bennies and choose any Attribute for the Soak roll.",
  "version": "1.0.0",
  "authors": [{ "name": "MsAkira + ChatGPT" }],
  "compatibility": { "minimum": "13", "verified": "13" },
  "esmodules": ["scripts/main.js"],
  "relationships": { "systems": [{ "id": "swade", "type": "system" }] },

  "manifest": "https://github.com/<YOU>/<REPO>/releases/latest/download/module.json",
  "download": "https://github.com/<YOU>/<REPO>/releases/latest/download/free-soak-any-attr.zip"
}
